Cycle,Capacity(Ah),Voltage Measured(V),Current Measured,Temperature Measured,Time Measured(Sec),SampleId
0,1.85648742081816,3.2771699768252,-0.00652835125160699,34.230852841541,3690.234,B0005
0,2.0353375910056,2.47576775682819,-2.00943589187254,39.1629865323871,3690.234,B0006
0,1.89105229539079,3.06211270908568,-0.00143329876408607,37.3384784889293,3690.234,B0007
0,1.85500452079108,3.05323033944433,-0.00243341458390145,37.2056712984427,3434.891,B0018
1,1.84632724971993,3.30024488712225,-0.000447552579117187,34.3921365871887,3672.344,B0005
1,2.02514024603141,2.35152551190002,-2.01037485552297,39.2462026826329,3672.344,B0006
1,1.88063702768686,3.07922623823352,-0.00323038524139762,37.1617386014679,3672.344,B0007
1,1.843195531709,3.08820017012583,-0.000910647531236055,37.1554752249802,3425.485,B0018
2,1.83534919422341,3.32745100986863,0.0010260185593644,34.2327787157633,3651.641,B0005
2,2.01332637134546,2.44047971510654,-2.00855888711011,38.9992024602528,3651.641,B0006
2,1.88066267170114,3.06326554709686,-0.00315778287984916,37.5081000406562,3651.641,B0007
2,1.83960184243554,3.07685765434417,-0.000684881162679047,36.680851926163,3410.375,B0018
3,1.83526252758211,3.31418185890703,-0.00223362169585047,34.4134499526055,3631.563,B0005
3,2.01328466554074,2.47915585390039,-2.00929044786225,38.8436277718665,3631.563,B0006
3,1.88077090098334,3.0394209081813,-0.00342151788695895,37.8554050883701,3631.563,B0007
3,1.83067360449621,3.10242391025241,-0.00254720008102984,36.0448704715734,3404.719,B0018
4,1.83464550821204,3.30549673128648,9.23722841023375E-06,34.3458849899787,3629.172,B0005
4,2.00052833762477,2.28018784817344,-2.01176084022006,38.9779888825828,3629.172,B0006
4,1.87945087282851,3.04316717775237,-0.00235508973779645,37.8358704694174,3629.172,B0007
4,1.83270020694197,3.11764417442005,-0.00300215535644927,37.0845967650194,3417.641,B0018
5,1.83566166006755,3.30232911297376,-0.00396723011155565,34.2009269210059,3652.281,B0005
5,2.01389907599316,2.43928425684664,-2.01094704522476,38.8398992074228,3652.281,B0006
5,1.88070035171174,3.12338798232876,-0.00252412948324405,36.6806029473261,3652.281,B0007
5,1.82852888460464,3.11400731873207,-0.00124778653176086,37.0533112936126,3411.766,B0018
6,1.83514614292266,3.2937406695499,-0.00342482719381857,34.2982847625132,3650.828,B0005
6,2.01310110562697,2.28120684494064,-2.01201462673959,39.0461083749847,3650.828,B0006
6,1.87993525235661,3.11858212882678,-0.00268196786691451,36.8457570408316,3650.828,B0007
6,1.82120118956979,3.16928309219504,-0.00079381226070989,36.3514535034146,3399.516,B0018
7,1.82575679056655,3.31623074077415,0.00171023896991278,34.7622418363072,3572.453,B0005
7,1.96878982627284,2.36641052702961,-2.00960265415573,38.8750752102278,3572.453,B0006
7,1.88150881240388,3.04842920977175,-0.00360492416018537,38.2444149127804,3572.453,B0007
7,1.81517001064333,3.16468026754563,-0.000717620204553426,36.1275249277437,3388.75,B0018
8,1.82477385298913,3.29741093541615,-0.00100405237818002,35.0518295279162,3550.594,B0005
8,1.96816617643342,2.43602004957871,-2.01050318169503,38.7260539826455,3550.594,B0006
8,1.86969078703858,3.01624620225323,0.000274813402347957,38.662970371106,3550.594,B0007
8,1.80429805209676,3.16689095912395,0.000448820915149706,36.0387290181168,3380.406,B0018
9,1.82461326849694,3.28840448309529,0.00126140140996268,35.029736661847,3551.25,B0005
9,1.95723079175605,2.18643774876437,-2.01200062919459,38.9862972890492,3551.25,B0006
9,1.8700523801392,3.00545283195269,-0.00672582696643919,38.7433153628464,3551.25,B0007
9,1.82310023028442,3.14417553147664,-0.000968223230945359,36.3492192198825,3404.141,B0018
10,1.82461955268645,3.26627557506147,0.000285051707969381,35.3224796880314,3530.25,B0005
10,1.94559915141294,2.34060236059125,-2.00860576394087,38.6597886191964,3530.25,B0006
10,1.87004423941886,2.96653348014181,-0.00236640197372526,39.1759337199074,3530.25,B0007
10,1.81212535202555,3.16351186301027,-0.000106069732879365,36.4178581228395,3396.141,B0018
11,1.81420193576739,3.29619985946309,-0.00077573139528827,35.5929601610404,3491.016,B0005
11,1.93475050448411,2.42630213741404,-2.00809319884544,38.8497919573292,3491.016,B0006
11,1.85965189877664,2.95834762031901,-0.00657988506630523,39.5926738466821,3491.016,B0007
11,1.80469163821178,3.19745253641213,-0.00110481738794848,35.985232091895,3384.094,B0018
12,1.81375215775491,3.2717574155336,-0.000472438356017753,35.9612724549052,3470.281,B0005
12,1.9232799539368,2.4753697700007,-2.00886176448954,38.751283440151,3470.281,B0006
12,1.85907465608622,2.89697619168825,-0.00471407915405719,39.7465275612374,3470.281,B0007
12,1.79084434978629,3.23438245842696,0.00320498968071598,35.3584779755785,3370.656,B0018
13,1.81344049147358,3.26485508408503,-0.00250599319982621,35.8696096953803,3470,B0005
13,1.91188993094849,2.34236452365501,-2.01142588043833,38.7685376405879,3470,B0006
13,1.85900845777092,2.87600465149119,-0.000450805104884528,39.8804507904701,3470,B0007
13,1.78347072284193,3.24181089141912,-0.000536100554101246,35.0941180192731,3357.797,B0018
14,1.80259800363065,3.30911120151836,-3.78231413040949E-05,35.532043808232,3450.297,B0005
14,1.90106671419793,2.18840008188266,-2.00944017801709,38.8468611234435,3450.297,B0006
14,1.8593622586957,2.94903332186395,-0.00658524051204001,39.1797362629624,3450.297,B0007
14,1.78093861253107,3.22733379782803,-0.00429558755886605,35.5779924574509,3363.015,B0018
15,1.80210690024615,3.28814905286893,-0.00135933253426559,35.8103128914271,3429.407,B0005
15,1.88919899480615,2.12069809459541,-2.00629337660368,38.8658897816528,3429.407,B0006
15,1.8587355450601,2.81757854256285,-0.00448972304601805,39.5636595172155,3429.407,B0007
15,1.7712090396727,3.2384476090048,-0.00108727678028567,35.9921061651608,3357.734,B0018
16,1.80257950082621,3.26075410090353,-0.000793555398364474,36.2424771521625,3409.484,B0005
16,1.87827837224885,2.3699814577993,-2.00839990322113,38.6475787338077,3409.484,B0006
16,1.84781729132214,1.85755476683365,-1.98867143552686,39.6289483195018,3409.484,B0007
16,1.76863039967071,3.25236529567393,0.00305763549026588,35.9316446549695,3344.187,B0018
17,1.80306831428341,3.22946682178441,-0.00440789371181656,36.7022172512003,3390.422,B0005
17,1.86756971615202,2.24799164992463,-2.01030748747072,38.7921818817387,3390.422,B0006
17,1.8485252916137,2.16575561242089,-1.98851325860175,39.2253472149149,3390.422,B0007
17,1.75363048019171,3.29835558179134,-0.000542196690245553,35.1385412495622,3339.969,B0018
18,1.8027776247196,3.22437889485908,-0.00186212571697977,36.7789097805339,3390.281,B0005
18,1.86758925744538,2.88444636981137,-0.00227724106961788,38.7702222392953,3390.281,B0006
18,1.84837895185003,2.02706863415132,-1.98579071216017,39.4126321606434,3390.281,B0007
18,1.74621974164151,3.29909945338278,0.00172747713721186,34.7536197268955,3327.641,B0018
19,1.84702599493292,3.2587403321634,-3.54206800939823E-05,34.9348191119889,3591.734,B0005
19,1.97962654825082,2.20335584685938,-2.00991145160389,37.5432059974863,3591.734,B0006
19,1.88078054376098,2.99050860200032,-0.00319999352773809,38.2664335067375,3591.734,B0007
19,1.73766473370537,3.28291220363392,0.000396204598153343,34.6668373497137,3312.844,B0018
20,1.84741731128364,3.21804621479576,0.000151942055123039,36.0688190291296,3552.297,B0005
20,1.9575499080884,2.35887751155593,-2.01002384684314,37.903625775302,3552.297,B0006
20,1.88147215974436,2.9244436686756,-0.002762863087942,39.3450206426397,3552.297,B0007
20,1.73151667354758,3.31435992324111,-0.000763840407951657,34.3195748277557,3302.031,B0018
21,1.83617742134789,3.25730962683977,-0.00276573547353205,35.571319573247,3531.578,B0005
21,1.94581501707876,2.21867291404192,-2.01062130010296,37.6701605139887,3531.578,B0006
21,1.88109543132448,2.98570167309138,-0.00273368607850245,38.4028268863776,3531.578,B0007
21,1.70859498944706,3.3370959869036,0.00146062214424482,34.0515901093893,3305.547,B0018
22,1.82578074757762,3.28025674749459,-0.000195348893699445,35.4955307914618,3492.907,B0005
22,1.92424611216801,2.339723057948,-2.0098368122361,37.3416695918839,3492.907,B0006
22,1.871008964978,2.86244829172962,-0.00227991678975908,39.1950104536293,3492.907,B0007
22,1.71146995706821,3.34539645773032,0.000335519882670314,34.140049298888,3289.562,B0018
23,1.82511364350784,3.27976545115869,-0.00191470559632512,35.2094349367121,3511.594,B0005
23,1.94598113314216,2.39975082089427,-2.0085491106822,37.2897901725423,3511.594,B0006
23,1.87019951519414,2.9139323032496,-0.000793744156934697,39.0131117701432,3511.594,B0007
23,1.70750213732726,3.35653877625105,0.00185175115827119,34.0394137497018,3283.797,B0018
24,1.82558150422038,3.20506891560499,-0.000256914785036887,36.5076585914409,3431.93700000001,B0005
24,1.90140793055308,2.49141087947244,-2.01125316215256,37.1679448148451,3431.93700000001,B0006
24,1.8706715362801,2.05064926423299,-1.98961368231006,38.8690691221727,3431.93700000001,B0007
24,1.74923820643602,3.29127194613657,0.000648270742212611,34.6722684188325,3325.235,B0018
25,1.81403112750839,3.27686692235656,0.000664356607841277,35.8751375936032,3431.125,B0005
25,1.87867421368008,2.76692698909216,-0.00134836376945339,37.5157784850105,3431.125,B0006
25,1.85961246440202,1.82543697447623,-1.98974121959295,39.1183996644318,3431.125,B0007
25,1.732769714743,3.29972483440533,0.000922714168474879,35.346467367863,3317.547,B0018
26,1.81476919411589,3.23113002773099,-0.00259817555306846,36.3248645525368,3412.406,B0005
26,1.86830613282642,2.83561284671773,-0.000999651549371617,37.2416596409226,3412.406,B0006
26,1.86003390971835,2.13487900068499,-1.98986736634217,38.6801076128163,3412.406,B0007
26,1.72223133282924,3.34378762818235,-0.00116596429908729,35.2221859489921,3311.766,B0018
27,1.81396938871035,3.22202577252683,-0.000146263030085585,36.4068771960491,3410.688,B0005
27,1.8560244070083,2.92839463515111,-0.00347400576254632,37.1009746736496,3410.688,B0006
27,1.85916531091608,1.97045549340662,-1.98779252724658,38.8630456781986,3410.688,B0007
27,1.71184629898473,3.35820819040362,0.00157877588692552,35.0498737290133,3305.218,B0018
28,1.80276566516782,3.29008279373079,-0.00401205506380968,35.8741726004226,3410.718,B0005
28,1.84519979618558,3.07711495759876,-0.00658495182160698,36.5363508366819,3410.718,B0006
28,1.84813981787783,1.813269430976,-1.98702106528662,39.1453116981122,3410.718,B0007
28,1.69926783512669,3.35547805852617,0.00182174576485677,34.9976183119642,3295.453,B0018
29,1.80407704011735,3.25117618524149,-0.00145143032669528,36.4059507131977,3392.719,B0005
29,1.85722889088532,2.81956058684583,0.00178434024478459,37.4960776989626,3392.719,B0006
29,1.84920170212616,2.04836573240956,-1.98805526014356,38.8380564174779,3392.719,B0007
29,1.69403664392431,3.38067160267107,-0.00253293676876324,34.5410201605049,3287,B0018
30,1.85180255167045,3.24928348231755,-0.00149970148324769,36.2823012488215,3470.672,B0005
30,1.92477608890906,2.43430068618121,-2.01018435509356,37.2500739611811,3470.672,B0006
30,1.88346774379508,2.88288876989446,-0.00259624282856149,38.7811398797957,3470.672,B0007
30,1.68190270787681,3.39557049000456,0.000920100274880085,34.5092067734786,3276.922,B0018
31,1.83070384567394,3.26008759919901,-0.00122881504838612,36.7398191536535,3414.109,B0005
31,1.88223175260926,2.91877573916825,0.000219946169021966,37.2766993585752,3414.109,B0006
31,1.86282111179058,2.11777993540775,-1.9877498390508,39.053875772292,3414.109,B0007
31,1.67697706184337,3.39129982260287,-0.00183175797856716,34.9106522892652,3268.687,B0018
32,1.81990410895013,3.28114660142084,0.00194723905881097,36.4960303608512,3395.219,B0005
32,1.85527668788559,2.97395690885259,-0.00380645659250139,37.0534689156494,3395.219,B0006
32,1.85208503965235,2.16374487931537,-1.98796553984849,38.6995516979786,3395.219,B0007
32,1.66552293064789,3.40404682054735,0.0015992730993062,34.8944164474064,3260.594,B0018
33,1.80930796370285,3.30937152015476,-0.00100352637897357,36.0439236375488,3386,B0005
33,1.83925089171819,3.03343337240887,0.00115949398581303,36.4901977034173,3386,B0006
33,1.84695046482087,2.04565614720581,-1.98762305230902,38.6052414906155,3386,B0007
33,1.65719245758321,3.41882940150114,0.00231965107800817,34.5328807879476,3258.812,B0018
34,1.80460990458052,3.29559446765643,-0.00183496988223424,36.2244453887222,3368.187,B0005
34,1.81853960739944,3.06169251403577,-0.00247061620550997,36.1735161998937,3368.187,B0006
34,1.83682843116902,2.13562022669929,-1.99088077293757,38.4260474770283,3368.187,B0007
34,1.6482241555294,3.41485012887292,-0.000457712450305178,34.513139629893,3243.422,B0018
35,1.79937706519722,3.31719824535035,-0.000170868369351191,36.4812957908369,3368.266,B0005
35,1.81347700595671,3.08642144804051,-0.00248565682832159,36.6917217406164,3368.266,B0006
35,1.83716196196723,2.04298715374502,-1.98796574090699,39.0468968949422,3368.266,B0007
35,1.63877014979873,3.41602199959078,0.00132744960744682,34.4310315342267,3236.515,B0018
36,1.78844323353705,3.34781850650399,-0.000831225438781911,35.9857613340422,3358.719,B0005
36,1.79710184503054,3.13778732182454,-0.00290829170723044,36.3050545154478,3358.719,B0006
36,1.83167225837189,1.97861623941189,-1.98582710593026,38.8367649586139,3358.719,B0007
36,1.62764869072621,3.45501598884607,0.00154864123578475,33.8964036229087,3230.734,B0018
37,1.78292304842527,3.33782192390486,-0.00284373997958802,36.1014828866128,3339.5,B0005
37,1.78100462941205,3.1501156392375,-0.0018286245424697,36.0643955428841,3339.5,B0006
37,1.82114709513178,2.15845357648832,-1.9886961213342,38.4998147060455,3339.5,B0007
37,1.62215370227252,3.43628119141083,0.00309232760221944,34.5692075670206,3222.093,B0018
38,1.77303371580183,3.36437247937979,-0.00430973247530223,35.8592177961371,3331.265,B0005
38,1.77101304226823,3.17389204224995,-0.0088257335513383,36.0173140005334,3331.265,B0006
38,1.81650609151151,2.09260369893265,-1.98712680639802,38.5823401479708,3331.265,B0007
38,1.61400665104676,3.44499732026422,0.0010937102057089,34.5059587074184,3220.344,B0018
39,1.77303775507894,3.33601449365092,0.00210645058497053,36.4093910635337,3321.188,B0005
39,1.76047124481709,3.197207149743,-0.00343812651451696,35.9077544289519,3321.188,B0006
39,1.81138156015046,2.1528886431678,-1.98800042254866,38.787499833494,3321.188,B0007
39,1.67605161544246,3.33628244947889,-0.00109678309396827,34.9251802382721,3250.75,B0018
40,1.76787211066621,3.35565962794655,0.00144379364433122,36.7736462589701,3321.844,B0005
40,1.75029137880066,3.22756845883722,-0.00492719060429448,36.358079362481,3321.844,B0006
40,1.81160563339396,2.0537418826406,-1.98976355778682,39.3122112603185,3321.844,B0007
40,1.6493006425522,3.40691012903379,0.00362859322408118,34.2100217572151,3239.344,B0018
41,1.76231507040931,3.36149019771128,0.000905101677335972,36.8475603161325,3311.828,B0005
41,1.73949250377326,3.23085808215043,-0.0014530116287064,36.5042162591516,3311.828,B0006
41,1.80605489555574,2.079330058634,-1.98688676464257,39.4056799336054,3311.828,B0007
41,1.63238299185809,3.40853562874904,-0.000973900037523962,34.1999330554922,3222.25,B0018
42,1.76761729249384,3.34696812197577,-0.00145948849606151,36.7109139500086,3327.391,B0005
42,1.75467665536372,3.19963326743336,-0.00229256241230462,36.9912648310754,3327.391,B0006
42,1.81320418269941,2.07597933045208,-1.98743378616136,39.3280275782761,3327.391,B0007
42,1.61641597190258,3.42461862945175,-0.000917252558798758,33.9386056634671,3206.157,B0018
43,1.76266835974315,3.37121004922177,-0.000750035671606498,36.3801970814985,3312.078,B0005
43,1.76593909418422,3.1898103242112,-0.00287452211512139,36.8141078557782,3312.078,B0006
43,1.80626419382835,2.06743494830945,-1.98711828168815,38.6112528181758,3312.078,B0007
43,1.61090283782494,3.45104033385265,0.000593434849903347,33.4762070444301,3197.969,B0018
44,1.75173048706641,3.37995181911327,-0.00135117540779939,36.1805144976245,3293.172,B0005
44,1.73378874196248,3.24996221268041,-0.00443098871856047,35.9486655013539,3293.172,B0006
44,1.79583102499005,2.03726403119244,-1.98521716770439,38.5697269512869,3293.172,B0007
44,1.59546386936957,3.44712778893226,-0.00304637765783369,33.5316979849311,3181.625,B0018
45,1.741849604796,3.39186701578951,-0.000718230166018667,36.0711779171377,3275.328,B0005
45,1.71332591204073,3.2761786217775,-0.00288650697593192,35.8076141458777,3275.328,B0006
45,1.78588526003905,2.16326741901483,-1.99082615537367,38.3457208352666,3275.328,B0007
45,1.72670744008576,3.15325169176695,-0.000685325850094009,34.6418791928508,3302.36,B0018
46,1.73609135118471,3.38932180124305,-0.00163827019158133,36.067274021255,3265.016,B0005
46,1.70240778136735,3.28923379378634,-0.00148213585628332,35.7274110523919,3265.016,B0006
46,1.78032686045028,2.10663152684548,-1.99010496902717,38.4825406349467,3265.016,B0007
46,1.71656739174298,3.22099960221937,-0.00174332157030496,34.5179722683512,3285.812,B0018
47,1.79362401485736,3.2399604434797,-0.00241025890303148,39.3970785606374,3328.937,B0005
47,1.82371946178183,2.93495167982883,-0.00263595807428332,39.573786700333,3328.937,B0006
47,1.81507568995756,2.18092728607884,-1.98897495731088,41.0499421893331,3328.937,B0007
47,1.69582355709348,3.27953430951283,0.000826926101782786,34.4020179004419,3260.016,B0018
48,1.78318902232733,3.31112763973491,-0.000476083504511777,38.2479066394929,3329.266,B0005
48,1.80812840503147,3.01335835098323,-0.00251411967233491,38.7819599909346,3329.266,B0006
48,1.81570251548458,2.17734980945272,-1.98699852308283,40.3619448856154,3329.266,B0007
48,1.67777831907926,3.31291406192275,-0.00067872344043727,34.3409345427065,3240.031,B0018
49,1.7673642076279,3.33286212629209,-0.00254577680051385,37.6631480669849,3301.579,B0005
49,1.77576109450343,3.09819200973021,0.000650104339025677,37.8590470128016,3301.579,B0006
49,1.80024321780567,2.18013610196725,-1.9875986342355,39.6676965288026,3301.579,B0007
49,1.66065868977742,3.34720103483926,0.00235802579076366,34.0266583754909,3232.265,B0018
50,1.75701778503531,3.33376121536481,0.000914216819430852,37.4126201764425,3283.563,B0005
50,1.74474098418368,3.16734683411231,0.00118846521845395,37.1213576231855,3283.563,B0006
50,1.79044762056093,2.12862951990769,-1.98812433155526,39.4811814048111,3283.563,B0007
50,1.66641092748275,3.34178414621849,0.000532715884280968,34.7799732905084,3232.031,B0018
51,1.74687061798379,3.36150574929295,0.000229717201414211,36.9830492233154,3275.125,B0005
51,1.72920703413237,3.22868551171609,-0.00351027941299548,36.580486706224,3275.125,B0006
51,1.78034303230013,2.81914931353784,0.000700810530600385,39.4190511430692,3275.125,B0007
51,1.64683361744078,3.34095380266068,0.00128610424759478,34.9108952113471,3209.515,B0018
52,1.74171725074571,3.35285528109835,-0.00367756905713292,37.1138331683696,3265.656,B0005
52,1.70810865525532,3.25957245485484,-0.00125424111109339,36.4364075035123,3265.656,B0006
52,1.77532876959681,2.79149867221497,0.000150408574345878,39.7219611712835,3265.656,B0007
52,1.625763992878,3.39385721106257,0.00103234782245484,34.0714760629178,3196.125,B0018
53,1.73642250564782,3.36515208167633,-0.00192414384534901,37.4476304831427,3266.093,B0005
53,1.69759542374618,3.27741995214427,-0.00246427941631399,36.5309104210342,3266.093,B0006
53,1.77026297347329,2.91269955128694,-0.00371377625554148,40.031660306104,3266.093,B0007
53,1.61215774118746,3.37943108634245,-0.00235192314304739,34.3278395142722,3172.562,B0018
54,1.72632172392358,3.38577285985192,0.000499507089554845,36.8804492401836,3257.594,B0005
54,1.68206345240295,3.30954191048956,-0.00373570374929505,36.0644950795563,3257.594,B0006
54,1.7600810618542,2.99598771253577,-0.000115522288426503,39.4715147031898,3257.594,B0007
54,1.60573668237553,3.4005755999684,-0.00143577406291366,34.1213357759636,3172.735,B0018
55,1.71580653893301,3.40844318605435,-0.000736287555638219,36.6322456905438,3248.593,B0005
55,1.67147683222951,3.32294579629535,-0.00420501917624778,35.9432725094461,3248.593,B0006
55,1.74964759353769,2.97267687251875,-0.002283350612705,39.7250411269484,3248.593,B0007
55,1.67364531487989,3.31386363218204,-0.00502701701273694,34.6612706668532,3238.109,B0018
56,1.71053335113519,3.40983209717626,0.000203542033833762,36.7338796224639,3238.766,B0005
56,1.66075913870477,3.32687749536479,-0.00457747067940289,35.8929532870618,3238.766,B0006
56,1.74965007505931,2.98140897801578,-0.00254299217104249,39.743357771631,3238.766,B0007
56,1.64043485723499,3.3517763797483,-0.000712285472649158,34.6427606667268,3191.063,B0018
57,1.70601449964852,3.41726800517464,-0.00524113345044231,36.8279861699404,3240.14,B0005
57,1.65112101503807,3.33640010046782,-0.00422054975362804,35.9595150242292,3240.14,B0006
57,1.74502873921468,3.0307473063064,-0.000354443493552492,39.8195391250284,3240.14,B0007
57,1.61326533174221,3.36760082461934,-0.000977331571062153,34.6323747599196,3165.828,B0018
58,1.70031102726426,3.42183358884541,-0.000457584051745787,37.0880014868605,3230.109,B0005
58,1.64013492561909,3.35623132412337,-0.00463030015398587,36.0373318181176,3230.109,B0006
58,1.73964574552867,3.03906233668544,0.000513600746393919,40.0102825067197,3230.109,B0007
58,1.59209643246863,3.38774315970981,0.00183562791466087,34.4539714042393,3140.407,B0018
59,1.69457986017979,3.42714240587009,-0.00232350037531266,36.7580495895004,3229.781,B0005
59,1.62919994161654,3.3714663613835,0.0014743883145178,35.7132717402383,3229.781,B0006
59,1.7285642277718,3.07327176679844,-0.0040444055578937,39.7505370477833,3229.781,B0007
59,1.58660118206988,3.41604934891652,0.00349181847242315,34.1237974089421,3131.922,B0018
60,1.68490290866093,3.4381787180526,-0.00143296633346516,36.6658876807684,3212.469,B0005
60,1.60884963029617,3.39601876169892,-0.00467274402297051,35.3664983473953,3212.469,B0006
60,1.72390032458842,3.09877883600664,-0.00271337606411628,39.5949685235979,3212.469,B0007
60,1.58007664903363,3.42147245050033,0.00135984918968022,34.1016494561219,3121.109,B0018
61,1.67447415911597,3.46564047258576,-0.00192856280258148,36.2270883231592,3213.219,B0005
61,1.60352448989692,3.39388252186008,-0.00421127805582182,35.1866527238466,3213.219,B0006
61,1.71397887764852,3.12136825880661,-0.00418698865205307,39.5844814443095,3213.219,B0007
61,1.56417329532892,3.41588324881166,0.0030432402930327,34.3935581219033,3105.265,B0018
62,1.67456924798791,3.44498593545268,-0.000747653528419358,36.8357434507608,3203.578,B0005
62,1.5989712144028,3.39781586983721,-0.00442104201360729,35.6761471168402,3203.578,B0006
62,1.71397019970046,3.13462890749147,-0.00169536903087005,39.7815028366562,3203.578,B0007
62,1.55561827219392,3.44126630319116,0.00107170220968047,34.1019196954059,3091.25,B0018
63,1.66371637598141,3.46746709129821,0.000238785943346234,36.3112950816724,3195.125,B0005
63,1.58762731235756,3.41642303273219,-0.000320002795014379,34.7166082890069,3195.125,B0006
63,1.70365211736388,3.12100570574425,-0.000635055594035299,39.6121497538186,3195.125,B0007
63,1.54020452786374,3.44042131834262,-0.00360856553974281,34.2038950420277,3076.703,B0018
64,1.65901386874825,3.47173000135457,-0.000978078443781583,36.5772819428301,3195.31299999999,B0005
64,1.58297197446862,3.41754952868336,-0.00144446224144173,35.0287363795594,3195.31299999999,B0006
64,1.70401374743825,3.16450136958151,-0.000103955788799645,39.8074618107133,3195.31299999999,B0007
64,1.53216130159599,3.44566232140911,-0.000958458893455079,34.2502124003598,3062.328,B0018
65,1.6538540573335,3.46607033573948,-0.00167121525127488,36.6171635849087,3186.297,B0005
65,1.56713763671356,3.42750538614838,-0.00348266485530545,34.7749913057401,3186.297,B0006
65,1.6935716157343,3.21002637574633,0.000520279921028672,39.4154668472179,3186.297,B0007
65,1.53162324036934,3.43887422107835,-0.0016588333805397,34.269090540317,3050.563,B0018
66,1.64265378213013,3.48528915474891,0.00014529407851251,36.2850292180859,3176.438,B0005
66,1.56134461397139,3.43475084263348,-0.00448264841104881,34.6978979759293,3176.438,B0006
66,1.68765773638777,3.21058961140651,-0.00645157094779917,39.3846842251798,3176.438,B0007
66,1.5222595950772,3.46384575854022,0.000224303750570362,33.9367365369877,3034.672,B0018
67,1.63785784302237,3.48002217111844,-0.00388212367204089,36.4040977551392,3167.593,B0005
67,1.55117118927904,3.44819801992491,-0.00121952712077179,34.6005415728579,3167.593,B0006
67,1.68307443565832,3.21165271251121,-0.00399359030206562,39.4452150585581,3167.593,B0007
67,1.50652671268513,3.46079531488148,0.00219286271526535,33.9458921941935,3031.25,B0018
68,1.63273504070991,3.48757272911817,-0.00443096585489666,36.3361265433033,3167.719,B0005
68,1.54067416062952,3.44713635849375,0.000722634345096143,34.6551863147664,3167.719,B0006
68,1.67792701420255,3.23678907895949,-0.002354597242345,39.3507055622633,3167.719,B0007
68,1.50142195565329,3.45793996004971,0.00150694571834522,34.1432636371805,3011.343,B0018
69,1.62775289155336,3.48458314030896,-0.00277950707804827,36.4220425796404,3159.07799999999,B0005
69,1.52531387446244,3.45511544059592,-0.00192714318454614,34.4966150368151,3159.07799999999,B0006
69,1.67320602759662,3.2362523554698,-0.00330049328620778,39.4197635050042,3159.07799999999,B0007
69,1.49635341174865,3.45862430336588,0.000977114167945215,34.2138743837323,3003,B0018
70,1.62212548552116,3.48400441215842,-0.000984305141933526,36.4665002686277,3148.829,B0005
70,1.53015703180674,3.46802300517923,-0.00128822765470553,34.5878939663088,3148.829,B0006
70,1.6674367208254,3.23814025687171,-0.000265767957806864,39.4086430005732,3148.829,B0007
70,1.53342620003124,3.41432067673558,0.00571147044751903,34.6970686356955,3045.187,B0018
71,1.61132566037658,3.50846313768132,-0.00364350250573679,36.0170688773806,3149.094,B0005
71,1.52465668344741,3.47113359728319,-0.00449031192608329,34.4839121888943,3149.094,B0006
71,1.66226626306675,3.26079124748904,-0.000710959821627551,39.2641437831469,3149.094,B0007
71,1.52384526751443,3.44128928798501,-0.0021098176647452,34.653771987209,3028.469,B0018
72,1.60656313974884,3.50378728561778,-0.000527973923730628,36.1213527215141,3140.547,B0005
72,1.51454929866554,3.48833908869198,-0.00122156920872767,34.3231682973257,3140.547,B0006
72,1.65742430657631,3.25763777431161,-0.00272356103034198,39.3678455174846,3140.547,B0007
72,1.50119209942612,3.44349794350766,0.0012103544781274,34.5039068981479,3012.937,B0018
73,1.60151422339176,3.50012875688162,0.000510279884425617,36.2019669450162,3131.625,B0005
73,1.50939150460208,3.48822644046812,-9.1970080813463E-05,34.3711241374419,3131.625,B0006
73,1.65253868492873,3.25619795690932,-0.00356694597894139,39.3995951956128,3131.625,B0007
73,1.49241767145029,3.45992093875218,0.000605200059903298,34.4718992481184,2998.875,B0018
74,1.59036923140033,3.51767076641422,-0.00309905609507623,35.8666031048889,3121.907,B0005
74,1.50399743330507,3.48770023467463,-0.00254620318292151,34.3726200369386,3121.907,B0006
74,1.64721746275733,3.26123766678637,-0.00437654472662321,39.3205452508981,3121.907,B0007
74,1.48332385194012,3.46831410254515,-0.00181479108245471,34.2930357663969,2983.547,B0018
75,1.58578899682422,3.51744860868061,-0.00440431594516967,35.8055382757382,3122.125,B0005
75,1.49352019180402,3.50191442128941,-0.00180505128675162,34.0673735277694,3122.125,B0006
75,1.63641368108981,3.27679122556276,-0.00141298347570744,39.2246672973276,3122.125,B0007
75,1.48073767922942,3.46116718933501,-0.00240456854517994,34.442939077956,2966.86,B0018
76,1.58494307073741,3.51601326721214,-0.00166360184414012,35.6702666979063,3121.672,B0005
76,1.48763230244974,3.50648988369851,-0.00234699576549666,34.0142781646003,3121.672,B0006
76,1.63625543120485,3.280204681322,-0.00129936946737431,39.0446527026016,3121.672,B0007
76,1.47350778099025,3.4780269721618,8.51887823690299E-05,34.3472121355861,2954.797,B0018
77,1.59552638924959,3.49698370199923,-0.00112417936834915,36.3469609927441,3120.86,B0005
77,1.53028762144017,3.46127125565889,-0.00158936407328561,35.633900290417,3120.86,B0006
77,1.64111917921838,3.24633091601672,-0.00310908643306297,39.4901114355637,3120.86,B0007
77,1.46801928526661,3.46013137313502,-0.00198268142298582,34.8516750315923,2945.735,B0018
78,1.5747301747801,3.52022086377317,-0.00397395401524952,35.5230069924216,3103.828,B0005
78,1.50407600883601,3.49597974716647,-0.00281306215671312,34.6319351327584,3103.828,B0006
78,1.6315700789657,3.2847935310271,-0.00175563141325329,38.8269423241508,3103.828,B0007
78,1.4580923557119,3.47052867839403,0.00149823528524384,34.6299860744762,2941.375,B0018
79,1.56490199509379,3.52922568390821,6.06992212159233E-05,35.2669589251979,3095.094,B0005
79,1.48875936087309,3.49586823276614,-0.00224554784131966,34.4836647987739,3095.094,B0006
79,1.62121328298724,3.27820835445121,-0.00417210909192838,38.885225383362,3095.094,B0007
79,1.44786609888914,3.47662944126281,0.00122138604017766,34.418301677458,2923.953,B0018
80,1.55976594733704,3.53072594477947,-0.000624751642089135,35.3504279543354,3095.781,B0005
80,1.47827792855466,3.51683247776542,-0.0030481777740262,34.1989063607303,3095.781,B0006
80,1.61642732147621,3.29851239603094,-0.00137358570537924,38.9565652066364,3095.781,B0007
80,1.4527808777542,3.47582207691336,-0.000968629448685874,34.3290452115621,2921.031,B0018
81,1.55948156681842,3.52129094836306,-0.00206559793496367,35.9413769342067,3094.328,B0005
81,1.47845998221568,3.51408055902253,-0.00303093348268418,34.734408888095,3094.328,B0006
81,1.61582351016192,3.28921262521562,-0.00421621475423914,39.4865019610068,3094.328,B0007
81,1.44253563644924,3.49000674660298,0.00030209281410773,34.2330824352527,2902.75,B0018
82,1.55468935359061,3.52353590087694,-0.00366169200974656,36.0466020850178,3086.531,B0005
82,1.47321484489997,3.51791692658729,-0.00319736998110095,34.8545160683509,3086.531,B0006
82,1.61672418029789,3.2961609572802,-0.00471443258656194,39.4656573494042,3086.531,B0007
82,1.43927128772033,3.4917871235676,-0.000172722926476046,34.4893465170454,2897.875,B0018
83,1.54887410798904,3.52552417569322,-5.64696548278107E-05,35.8456723834534,3085.625,B0005
83,1.46751649350679,3.51910167584515,-0.00283265697499474,34.7145475420585,3085.625,B0006
83,1.610865586373,3.31609949645008,-0.000135299069392344,39.2025946219271,3085.625,B0007
83,1.42864756818882,3.48704487620259,0.00232723130451144,34.6854980361711,2892.094,B0018
84,1.53823659894256,3.53483378713271,-0.000308965713696308,35.5797832375974,3067.203,B0005
84,1.45162926575213,3.52149364319712,-0.00230484130120492,34.4084419644099,3067.203,B0006
84,1.60066033743094,3.29934970509362,-0.00145575213172957,39.1395154844807,3067.203,B0007
84,1.42490267500049,3.5045832470861,-0.00109010910627247,34.3247320203352,2886.921,B0018
85,1.52791425825103,3.54590292045285,-0.00182150447525794,35.1887616708357,3058.157,B0005
85,1.45192377209672,3.53119961713172,-0.0032663505186681,34.2299179005987,3058.157,B0006
85,1.59591744870057,3.29410593417807,-0.00163197593508854,39.2725065620285,3058.157,B0007
85,1.46981153245241,3.43030146078581,0.00214591860189037,34.8076497971699,2942.531,B0018
86,1.52852526297564,3.53626600422686,0.000641727735299225,35.6439954654948,3058.812,B0005
86,1.44714846947777,3.54068282882227,-0.00259043873748678,34.4546796796977,3058.812,B0006
86,1.59621795194622,3.3210716544057,-0.00308137365155324,39.1918764199403,3058.812,B0007
86,1.45258196510502,3.44057622451776,-0.000174261314459967,34.8854537902575,2912.469,B0018
87,1.52264732528438,3.54680670555912,-0.00241716781083974,35.7045157689629,3058.578,B0005
87,1.44685381056599,3.53565411877396,-0.00583440113142542,34.8031029055856,3058.578,B0006
87,1.5958065114634,3.31489568367269,-0.000109159996061869,39.5162393576538,3058.578,B0007
87,1.44283419890879,3.46783097295422,0.000799074890741043,34.4336240343736,2895.594,B0018
88,1.51748599384899,3.54802871973339,-0.00329091105027104,35.750124655378,3049.328,B0005
88,1.44167419302847,3.5426480867538,-0.000810782782587233,34.8193048233489,3049.328,B0006
88,1.59065078214807,3.28525036534449,-0.000993927049065917,40.0068115393825,3049.328,B0007
88,1.42837605880795,3.46373200309395,-0.000103046792924661,34.4864483964389,2884.406,B0018
89,1.60581889913066,3.52505022309979,-0.00105605059242845,36.0126366185217,3177.219,B0005
89,1.59358665931001,3.50294685185562,-0.00408284852302306,36.5524367798159,3177.219,B0006
89,1.68882111618555,3.16788557240694,-0.00274949381366735,40.420425992794,3177.219,B0007
89,1.41545478443707,3.50168283420482,-0.000944396097255097,33.6605174330364,2873.766,B0018
90,1.56384914467444,3.49404483757084,-0.000742655259559124,36.7636211825529,3082.937,B0005
90,1.54639023769156,3.45914457514309,-0.00124371340722759,36.5702930159915,3082.937,B0006
90,1.62599382797332,3.21557689771034,-0.00236693337568053,40.449890714607,3082.937,B0007
90,1.45457667007771,3.44588048599149,-0.00317446351449421,35.0172004604429,2893.375,B0018
91,1.54809152477678,3.51004183648376,-0.00176314279610747,36.5023058833029,3074.266,B0005
91,1.51470559175661,3.48859085148442,0.000257074591836529,35.9563989063862,3074.266,B0006
91,1.61574338628129,3.23732237176473,-0.0123837570399135,40.3750373065057,3074.266,B0007
91,1.42831795482741,3.46022134590923,-0.000205573423593132,34.8263350819361,2884.984,B0018
92,1.53237556318686,3.5359247595765,0.00156972379620902,35.9101722067791,3066,B0005
92,1.49897860833354,3.50066257082359,-0.00445651947066768,35.5720352160214,3066,B0006
92,1.60566267648465,3.26512836205537,-0.00302673994839584,40.0306099370493,3066,B0007
92,1.41970268832041,3.46538007292486,7.34498785917081E-05,34.9310793966763,2870.234,B0018
93,1.52695282684897,3.5293508069522,-0.0039701157301654,35.8789724790072,3056.437,B0005
93,1.48311107454105,3.51909851306369,-0.000521645935221593,35.1262605921655,3056.437,B0006
93,1.59497469215243,3.29644702293705,-0.00158682851567526,39.5477311778495,3056.437,B0007
93,1.41556066303065,3.46957669129455,0.00044156590901198,34.9473956695747,2864.11,B0018
94,1.51695730171363,3.54185703381799,-0.00108586663794976,35.629228170254,3048.219,B0005
94,1.47296648254683,3.5212860952811,0.00212421291489899,35.0524540696076,3048.219,B0006
94,1.59041024388719,3.29376238170989,-0.000584743572552667,39.5999789032339,3048.219,B0007
94,1.40568003541923,3.47089765888785,0.00151863131583948,34.9011519624471,2846.64,B0018
95,1.51189759601427,3.54010114451082,-0.00174555315014029,35.7511913956409,3039.218,B0005
95,1.46276043960993,3.53158511558068,-0.00127714932565529,34.9913129390851,3039.218,B0006
95,1.58535170629882,3.29560797444704,-0.00230946613147731,39.6662665963719,3039.218,B0007
95,1.40844610711661,3.46369599491388,-4.81006767903498E-05,35.0383244930604,2839.532,B0018
96,1.50656389606811,3.54530823496017,-0.00140861973885256,35.6443875217405,3039.047,B0005
96,1.45183646810625,3.53292628784667,-0.00288309044150172,34.9435996858919,3039.047,B0006
96,1.57997371472424,3.31453089957125,-0.0019289517266931,39.4673406666509,3039.047,B0007
96,1.39685477828724,3.47602525289339,-0.000593140291738436,34.872556447324,2832.703,B0018
97,1.50154535266714,3.54307035815452,-0.00201213190154132,35.7178175015181,3030.375,B0005
97,1.44686706440304,3.53904548875022,-0.00474371728830603,34.8498356014413,3030.375,B0006
97,1.57521854652781,3.31626564987277,-0.00181290973331643,39.5009340597271,3030.375,B0007
97,1.39356703714407,3.49598697975507,0.00208762428784274,34.603806017355,2827.07799999999,B0018
98,1.49084440504002,3.55803537819912,-0.00479243526716992,35.468157504838,3021,B0005
98,1.44138039942778,3.54554713377729,-0.00500329661113828,34.8609975507698,3021,B0006
98,1.56979848464887,3.3180552739333,-0.00251391838029566,39.5195040148385,3021,B0007
98,1.38936442928095,3.49848652511217,0.000666019803151918,34.6522128758236,2821.531,B0018
99,1.4858683845612,3.56199755256637,0.000621734875552661,35.4177219510502,3021.75,B0005
99,1.43121074496077,3.54845658624507,-0.0040765987852817,34.8376625503619,3021.75,B0006
99,1.57025653759504,3.33766110014344,-0.0011999944461312,39.3162740431506,3021.75,B0007
99,1.37856514156667,3.49012298584787,-0.00159432238392766,34.8883828914587,2805.156,B0018
100,1.48041367797611,3.56173462497446,-0.0017731134003002,35.4406580841392,3012.265,B0005
100,1.42602471795257,3.54992595936798,-0.00336963327813702,34.8787078063917,3012.265,B0006
100,1.56524987390944,3.30847126398927,-0.00105939662194611,39.8135970960199,3012.265,B0007
100,1.38490111008575,3.50029143372384,0.000502106109578627,34.5303063797834,2814.906,B0018
101,1.47520958690316,3.56274317247483,-0.000682654330378148,35.4394116214822,3002.641,B0005
101,1.42048764996619,3.56223691181835,-0.00308665423580016,34.6679938509582,3002.641,B0006
101,1.55963393356115,3.31616190352511,-0.0043310348904946,39.6975139853572,3002.641,B0007
101,1.37032518142424,3.48836567974443,0.000946183527627578,34.7219061452775,2801.156,B0018
102,1.4859035988304,3.54483681206379,-0.00122968053998066,35.7144421396746,3012,B0005
102,1.4207006230355,3.55876989456542,-0.00348619715924388,35.2557669851797,3012,B0006
102,1.56498205333921,3.30864472136439,0.000394038344763152,39.6588744732089,3012,B0007
102,1.37334643852291,3.49966327180236,-0.00494590769183226,34.7195689386362,2794.187,B0018
103,1.49609182981367,3.53583431751748,-0.00534617011488706,36.3223258094425,3020.11,B0005
103,1.45225580433084,3.54138349633073,-0.0016814999715928,35.8712641898383,3020.11,B0006
103,1.57497949984227,3.27976143044727,0.000287099599408128,40.5101151291594,3020.11,B0007
103,1.36794872855048,3.50353353708847,0.00164901958046745,34.782611007131,2785.391,B0018
104,1.4808005946929,3.54462825860167,-0.00262295255363764,36.1437070176619,3002.17200000001,B0005
104,1.43155763277257,3.55732034805659,-0.00362423004626657,35.5586741930245,3002.17200000001,B0006
104,1.56528111687805,3.28168983923109,-0.00251801914522865,40.5389225572508,3002.17200000001,B0007
104,1.35671410870896,3.49645464004892,-0.00252914699943538,34.8912959724608,2779.5,B0018
105,1.46975432684668,3.55635981503675,-0.00120783223903148,35.8178291345056,2992.703,B0005
105,1.41501575115894,3.55600211598876,-0.000122087771885973,35.3791733272993,2992.703,B0006
105,1.55975549747013,3.31929125358157,-0.00148949605507816,39.9538127414486,2992.703,B0007
105,1.46043102091946,3.41240779252691,0.00197965411341296,34.29974281082,2899.234,B0018
106,1.45390122748459,3.55741516091549,-0.00331907169184182,35.645025386522,2964.468,B0005
106,1.40973115065175,3.56545092720084,-0.00300224413912221,35.2583587919426,2964.468,B0006
106,1.5498976856705,3.27144163783426,0.000568742136695156,40.4432255895007,2964.468,B0007
106,1.45009989371041,3.41846833369869,0.00911341315380312,34.6153449019512,2894.922,B0018
107,1.45414620672357,3.57039414232715,0.0015596672777035,35.3909783963713,2983.375,B0005
107,1.40491731812931,3.57781092767157,-0.00266012130851655,34.9777435748585,2983.375,B0006
107,1.5438771531345,3.33551195824767,-0.00303453725060201,39.7360495411798,2983.375,B0007
107,1.43814069018245,3.43505902126104,0.000176044762656065,34.6943570422718,2888.25,B0018
108,1.45502375190668,3.55769756343248,-0.00160633340225061,35.9017242429619,2975.297,B0005
108,1.39516429657156,3.58238427426944,-0.00428937936183979,35.0953667469879,2975.297,B0006
108,1.54501874886901,3.30926264143268,-0.0012506941648841,40.2934186674917,2975.297,B0007
108,1.42836819809643,3.44471287083369,-0.00236989419325528,34.5476090892722,2873.906,B0018
109,1.44904216376124,3.56211457207364,-0.00252269274177623,35.8765725449965,2974.985,B0005
109,1.39453438326141,3.58367020917079,-0.00251696015718931,35.2346612555435,2974.985,B0006
109,1.54459401541029,3.33297810092947,-0.00222569671823073,40.0744474662783,2974.985,B0007
109,1.41478745175524,3.45842917390029,-0.00349920619984642,34.3846126625483,2847.406,B0018
110,1.43867093714806,3.57683051474581,-0.00142364626132071,35.3705239663479,2966.25,B0005
110,1.38931711793126,3.58562537388446,-0.000632857452603329,35.0345809347327,2966.25,B0006
110,1.53430867217589,3.3332937055717,-0.000842726826308001,39.9108306585334,2966.25,B0007
110,1.41388916339318,3.45760615956929,-0.00107000604165497,34.2492105621672,2849.281,B0018
111,1.43344543215698,3.57721325371119,-0.00234794320681566,35.3194475193604,2956.359,B0005
111,1.38383794723278,3.58898428472379,-0.00465335699172685,34.9597362367146,2956.359,B0006
111,1.52876039429585,3.33562615393436,-0.00264205435676112,39.8249858836653,2956.359,B0007
111,1.39893316621772,3.47379987924453,0.000952059964207713,34.2234060559269,2833.688,B0018
112,1.43339589008381,3.56968488561407,-0.00398719200338287,35.6399618224964,2956.344,B0005
112,1.37368142381951,3.58647002105883,-0.00473477362663169,35.1303640902299,2956.344,B0006
112,1.52892602491798,3.33040924962714,-0.00260777555364218,40.121704378716,2956.344,B0007
112,1.3953322584034,3.45346452317341,-0.00192773735304079,34.994867426498,2826.453,B0018
113,1.42806487344776,3.57630512990711,-0.00211502297047209,35.6861608088709,2956.406,B0005
113,1.37860598918637,3.59235157525143,-0.00416431105246254,35.3100083982485,2956.406,B0006
113,1.52909165013312,3.32062273635396,-0.00274092830498818,40.5033970907462,2956.406,B0007
113,1.39004612954025,3.45516898626373,0.000152307236546069,35.3454317111674,2818.312,B0018
114,1.42292031817412,3.57800320017622,-0.00483206541454204,35.5722419435087,2947.266,B0005
114,1.37376002991086,3.59631240702429,-0.00197131580435763,35.1696182096551,2947.266,B0006
114,1.52390593246612,3.32551591171755,-0.000132310823916312,40.3426072042691,2947.266,B0007
114,1.38602714542096,3.47928157105992,-0.00177120835106319,34.8911290224984,2812.719,B0018
115,1.41742903273131,3.57825291594173,-0.00227152636579696,35.4116223014536,2937.984,B0005
115,1.36825805839427,3.60023891274257,-0.00321293909643921,34.9938442796813,2937.984,B0006
115,1.51866754191006,3.33310944415361,0.000833008842178467,40.0799832377573,2937.984,B0007
115,1.38821526019375,3.45510522885089,0.000756197460043111,34.9881129859963,2803.5,B0018
116,1.41240922879445,3.57952648091485,0.000337945556479357,35.2954179332378,2929.125,B0005
116,1.36330240373175,3.60426198706151,-0.0052861861256526,34.8705133884589,2929.125,B0006
116,1.5136482266427,3.33571070860108,0.000810918567422397,39.9623876826787,2929.125,B0007
116,1.37618265623945,3.48097790738627,-0.00169503597340356,34.4672414409356,2783.25,B0018
117,1.41257879294019,3.57330909871034,-0.0045531228413982,35.6079187757687,2928.454,B0005
117,1.35809661401726,3.61020878476821,-0.00588001853136696,34.9915031581417,2928.454,B0006
117,1.5136050185229,3.33093981123572,0.000478708518906481,40.2797666013838,2928.454,B0007
117,1.36471688986402,3.4745531508156,0.00130971957549899,34.4501043131312,2776.391,B0018
118,1.40759837314699,3.58085352546976,-0.000407977823093307,35.7241494339516,2929.375,B0005
118,1.35326909099953,3.60438484734564,-0.00269748179415566,35.3703535486915,2929.375,B0006
118,1.5139470614868,3.32528628136416,-0.00369620025670118,40.6202506223744,2929.375,B0007
118,1.35898547393736,3.47848961945645,0.00209333456347704,34.3523062662182,2766.516,B0018
119,1.43339204852215,3.55589172533189,-0.00301153023107336,35.9039975064559,2946.031,B0005
119,1.38416057382375,3.59293959117065,-0.000289704369683698,35.3579266812054,2946.031,B0006
119,1.53395991931588,3.27552004328355,-0.00349442525000723,40.35266927638,2946.031,B0007
119,1.34623087640088,3.4879936491979,0.000490381506153031,34.0475929824784,2751.516,B0018
120,1.43825501767929,3.55188540928369,-0.002707781949093,36.1167003750024,2955.438,B0005
120,1.40514677906515,3.58626153336415,-0.00269669317389069,35.8874924214886,2955.438,B0006
120,1.53913727986531,3.30877226747038,-0.0026955304738865,39.9268734035946,2955.438,B0007
120,1.42684278184546,3.42798942991673,-0.000922651051678517,34.2041415719877,2848.859,B0018
121,1.41735471744855,3.57361512004023,-0.00219046667796087,35.4881828594228,2937.625,B0005
121,1.37871902262735,3.59937332184509,-0.0048093692793573,35.4136262452458,2937.625,B0006
121,1.52362479728387,3.30156266309132,-0.0033319167686804,40.0253171803665,2937.625,B0007
121,1.40644814832797,3.44397698882391,-0.00307762476024724,34.2408403049747,2840.016,B0018
122,1.40698166367764,3.58224980998057,-0.000520257214742956,35.09068818463,2929.078,B0005
122,1.36826577831991,3.61331337091612,-0.00369563318143717,34.8666265031421,2929.078,B0006
122,1.51358130355891,3.32941289444089,-0.00250802777437449,39.4986223452717,2929.078,B0007
122,1.39349074920752,3.43459057883433,-0.00245207453355971,34.6253546063771,2817.375,B0018
123,1.40120377835876,3.58210710342626,-0.000883015264140045,35.0831393884672,2918.375,B0005
123,1.3573151296618,3.61291640078076,0.00244816453992406,34.900465534838,2918.375,B0006
123,1.50778507498479,3.33300730895907,-0.00396365958856441,39.4212752484029,2918.375,B0007
123,1.38824935122493,3.4630520371669,0.00146580052903187,34.2481172234778,2809.234,B0018
124,1.39670082327263,3.58454425288154,0.000806197841140678,34.9820937147125,2919.812,B0005
124,1.35249346388016,3.62307676232919,-0.00448287777509952,34.6240648670453,2919.812,B0006
124,1.50319606760373,3.34724406492922,-0.00190154542348017,39.259111454784,2919.812,B0007
124,1.37018783384209,3.46381129124055,-0.00102312790473467,34.2811536115232,2791.187,B0018
125,1.39128478885273,3.58299706352405,-0.00130937235448274,35.0847191395587,2900.422,B0005
125,1.34740991516612,3.6225410007004,-0.000372571510552707,34.7476176467512,2900.422,B0006
125,1.49782205969959,3.3383192077981,-0.00566685762272554,39.3598598511991,2900.422,B0007
125,1.37969516656086,3.47305415549216,0.00264701384777828,34.2015718329356,2794.016,B0018
126,1.38622876779783,3.58557608099016,-0.00170334441561407,34.9490827562588,2901.375,B0005
126,1.33700751308423,3.62627590007905,-0.000678045544228441,34.6069863387411,2901.375,B0006
126,1.49284853463352,3.35400434558002,0.000732772045247982,39.1614098083841,2901.375,B0007
126,1.36865863239357,3.44948309373786,0.00789373404307955,34.9206520812556,2774.719,B0018
127,1.38043667619741,3.59109083848252,0.000880984583017438,34.7045278491829,2901.187,B0005
127,1.33123529667185,3.63093958249031,-0.00256255293197352,34.3758393274177,2901.187,B0006
127,1.49241438986703,3.37018027027518,0.000204345555309367,38.8526479331009,2901.187,B0007
127,1.36273717790964,3.45927512615054,-0.00345052958485111,35.1738575515128,2777.844,B0018
128,1.37523641502562,3.5940605839714,-0.00262430099445409,34.6671313148048,2891.64,B0005
128,1.32593037817276,3.63665215167077,-0.00375202512757255,34.2150925818152,2891.64,B0006
128,1.48748277653808,3.34604333393751,-0.00111912965903192,39.2524051616081,2891.64,B0007
128,1.36340511339281,3.48432870179534,-0.00134082809230825,34.9247059532336,2781.125,B0018
129,1.3705128024895,3.59110795978527,-0.0015294483890347,34.7347877761285,2882.906,B0005
129,1.32157874386753,3.63364867488914,0.000971062580228087,34.4045257482964,2882.906,B0006
129,1.48253514864041,3.35186870371765,-0.000360717402914664,39.1614993100649,2882.906,B0007
129,1.35186460353052,3.48146072279957,0.0024152354421239,34.8059821029543,2760.906,B0018
130,1.37050855662704,3.58881201028665,-0.00178213381196299,34.7901775607396,2883.265,B0005
130,1.32122507406611,3.64085264217865,-0.00363099926234185,34.2710553863381,2883.265,B0006
130,1.4827874322229,3.37126103928545,-0.00196086294216689,38.9137787684274,2883.265,B0007
130,1.35479697296526,3.45773220893207,2.94627686066431E-05,35.0817702475143,2753.25,B0018
131,1.36473551086815,3.59421479230062,-0.00319248616415402,34.6027418934219,2882.969,B0005
131,1.31564853018627,3.64630414467437,-0.00161058868111205,34.0994986955351,2882.969,B0006
131,1.47697117977506,3.36363814382627,-0.0024521571985342,39.0351068168703,2882.969,B0007
131,1.34105144064048,3.47727673866172,-0.00194006858024336,34.5816595420972,2742.843,B0018
132,1.37539201689576,3.58334152192856,-0.00538143210496133,35.2008024262739,2891.656,B0005
132,1.32090256975024,3.64318552528569,-0.00516124681394021,34.347474812989,2891.656,B0006
132,1.48190155541373,3.35887520313918,-0.00156504438242872,38.8111898172575,2891.656,B0007
133,1.38611151515354,3.58043071893706,-0.00113373435799201,35.3765698422369,2901.25,B0005
133,1.34743287672739,3.63009179178362,-0.00668183331820041,34.6427782445012,2901.25,B0006
133,1.49813661988748,3.34215911871117,-0.000907003577070777,39.3459490871091,2901.25,B0007
134,1.36985000358389,3.59244181613245,0.000841870249324739,35.0207367893903,2891.703,B0005
134,1.32601280723536,3.64438314530687,-0.00306834514273285,34.1259428250836,2891.703,B0006
134,1.48207752143929,3.35655943991392,-0.00130023730488759,39.1171160904548,2891.703,B0007
135,1.36478279492608,3.58933156536229,-0.00250224036042772,34.9200821905719,2883.016,B0005
135,1.31011867848311,3.64772484308821,-0.00468703245478606,33.887376782077,2883.016,B0006
135,1.47711553128122,3.35364235290468,0.000464617955822486,39.0663846091414,2883.016,B0007
136,1.354322046626,3.60228832303649,-0.00243271295631098,34.515254478441,2873.453,B0005
136,1.30521620229393,3.65475888129962,-0.00515910791106627,33.562185079731,2873.453,B0006
136,1.47207727830565,3.35680060077423,-0.00127582037268686,38.9667996583335,2873.453,B0007
137,1.3546417018379,3.59702121364665,-0.00660572698586851,34.9592235715094,2874.031,B0005
137,1.30040619513558,3.64984821670093,-0.00363225656063858,33.9751294695781,2874.031,B0006
137,1.47224801365645,3.37787043242193,0.00162375187734346,38.8706273188824,2874.031,B0007
138,1.35470392131924,3.59231220840924,-0.000222797676090016,35.0946499218551,2874.234,B0005
138,1.30023573584112,3.65479505339078,-0.0037711320331798,33.9938311075272,2874.234,B0006
138,1.46701066722747,3.37071909231383,-7.38259427960654E-06,39.1066106040245,2874.234,B0007
139,1.34931499750346,3.59550011943028,1.20916382014116E-05,34.871109572773,2864.984,B0005
139,1.28950667224808,3.65519692144285,-0.00160859274905097,33.8002108257671,2864.984,B0006
139,1.46176724953354,3.37633597272205,-0.0028950883757295,38.882286671802,2864.984,B0007
140,1.34418919379706,3.59682346116206,0.00191653429879286,34.6480942173534,2855.093,B0005
140,1.27925305738479,3.6609201852519,-0.00367933882484342,33.399078345986,2855.093,B0006
140,1.45669526704897,3.37710829238561,-0.000809149880302208,38.7320680588029,2855.093,B0007
141,1.33899137906958,3.6018356753071,-0.00203069324291643,34.448313927822,2855.625,B0005
141,1.27920781717146,3.66655064647438,-0.00324939426492114,33.1715227918416,2855.625,B0006
141,1.45135497275896,3.39400702360437,-0.00199512344343367,38.3954066637169,2855.625,B0007
142,1.3389145230207,3.59934481379669,-0.000229551950674951,34.7631832335569,2855.594,B0005
142,1.27403676090292,3.66483042009506,-0.00129047076945386,33.5258930044867,2855.594,B0006
142,1.45161592625737,3.38980741747955,-0.00523750754297947,38.7204076398305,2855.594,B0007
143,1.33400667597617,3.60357903903646,0.000192258902099882,34.6771112022496,2847.437,B0005
143,1.27412739230015,3.66707084180709,-0.00241741121140329,33.4843475987466,2847.437,B0006
143,1.44681613321737,3.39529830140877,-0.00335386118640462,38.508087968519,2847.437,B0007
144,1.32864443091749,3.60586096121458,-0.00118763518008971,34.3555217334064,2847.36,B0005
144,1.26376394264408,3.67106389655477,-0.00191448458554162,33.0512719542451,2847.36,B0006
144,1.44675706077688,3.38583761435952,-0.00503973405052951,38.6534009749038,2847.36,B0007
145,1.32317089922762,3.61050784952923,-0.00150265631299527,34.1329808432384,2837.328,B0005
145,1.25813736889552,3.67552799054898,-0.000216240567834002,32.7953615342609,2837.328,B0006
145,1.44137974814468,3.38988116133775,-0.00341931046662358,38.4595343407431,2837.328,B0007
146,1.31816915884452,3.61626290751396,-0.000343926160921688,33.9730670147775,2837.281,B0005
146,1.2532598640553,3.67291170661734,-0.00489984712722693,32.8784663657699,2837.281,B0006
146,1.43624562522082,3.40734217525576,0.00213155021955888,38.1138348316012,2837.281,B0007
147,1.31846644366403,3.61347948558936,0.00201431242671294,34.3739489021394,2838.515,B0005
147,1.25323133154934,3.67294260827938,-0.00150424752476678,33.2143260591047,2838.515,B0006
147,1.43681541539248,3.40052426403221,-0.000804755854219223,38.4078927527549,2838.515,B0007
148,1.3182930401027,3.60706904053274,-0.00143525757596591,34.443416853634,2828.328,B0005
148,1.24808749603136,3.67642687192709,0.00185284127056412,33.010086066765,2828.328,B0006
148,1.436294514586,3.3878477104775,-0.00455540647529788,38.7389448604704,2828.328,B0007
149,1.32387242224427,3.60231268067784,-0.00482158696773596,33.9803801726445,2838.265,B0005
149,1.25343542849448,3.67874834921762,-0.00383972142287118,32.8326694831398,2838.265,B0006
149,1.4418575315878,3.37984505461951,-0.00303924294503241,38.443223819774,2838.265,B0007
150,1.36012167665548,3.57792776106452,-0.00408100015929857,34.9706661127197,2864.547,B0005
150,1.28980487732669,3.66602438127143,-0.00583601993316971,33.9592015842877,2864.547,B0006
150,1.46720634847818,3.36595583923734,-0.00249502510201962,38.5956553816722,2864.547,B0007
151,1.33953068679474,3.59397464486517,-0.00443140085700349,34.6894903590229,2846.39,B0005
151,1.26354020217588,3.67351784318895,-0.00774479812332325,33.6671554109744,2846.39,B0006
151,1.45186403678489,3.36102937993312,-0.0026026241387774,38.8470697724999,2846.39,B0007
152,1.32902865651207,3.60427474021818,4.30502596029941E-05,34.3556066454632,2837.969,B0005
152,1.24797617068429,3.6792653256177,-0.00306785479981771,33.2904766686212,2837.969,B0006
152,1.44713797527485,3.38875325952398,-0.00235545241860943,38.3062824579568,2837.969,B0007
153,1.3236741274999,3.6087696720967,-0.00195027101774846,34.1798603618047,2838.156,B0005
153,1.23212028779433,3.68100053020679,-0.00106198991340003,33.0677214501059,2838.156,B0006
153,1.4417905865624,3.40106273009297,-0.00194117043433558,38.1000840545488,2838.156,B0007
154,1.31863389675329,3.6093877067067,-0.00199102090187005,34.1456721724453,2829.843,B0005
154,1.22711376662135,3.68162106597078,-0.00558467498565787,33.0588623895992,2829.843,B0006
154,1.43163094791111,3.40312937747955,-0.00938827409734747,38.0625286504049,2829.843,B0007
155,1.31347513213243,3.61493390030857,-0.00190416681832997,33.9946721665313,2829.625,B0005
155,1.22173975813774,3.68705804701434,-0.00209957015393793,32.8061930894237,2829.625,B0006
155,1.43180842496737,3.39184820727252,-0.00178197755240883,38.3511817102628,2829.625,B0007
156,1.31320206344422,3.60902322547978,-0.00282370467482205,34.1671202476081,2819.437,B0005
156,1.21110267891517,3.68660962303253,-0.00280674104031962,32.8553921120193,2819.437,B0006
156,1.42625625851069,3.40298345298252,-0.00232979515230342,38.1341391682058,2819.437,B0007
157,1.30779599469444,3.61433134796088,-0.003824238534897,33.975999521105,2819.579,B0005
157,1.20561597651317,3.68866422857535,-0.00326948733116165,32.7249221766362,2819.579,B0006
157,1.42608775289249,3.41811596438029,-0.00106609648693869,37.8571311440432,2819.579,B0007
158,1.30303291864059,3.61782445722146,-0.00450828931803588,33.982224969859,2810.672,B0005
158,1.20089362627173,3.68942792974747,-0.00381667544496022,32.7692832879701,2810.672,B0006
158,1.42126335100317,3.39894918827301,0.000583551271360881,38.2890868832245,2810.672,B0007
159,1.30335735590382,3.6130872104739,-0.00339280885133551,34.0789962206369,2811.485,B0005
159,1.19059039855583,3.6915577124032,-0.0020468242754553,32.5968598536041,2811.485,B0006
159,1.41632727487951,3.41748149928165,-0.00496907175412001,37.9719686997897,2811.485,B0007
160,1.30341004386556,3.60703954951183,-0.00562664027841772,34.3049472733237,2802.422,B0005
160,1.18517925104194,3.69249460283058,-0.00293043918386399,32.6205810258119,2802.422,B0006
160,1.4165781829176,3.3973259676404,-0.00339238385780485,38.4039760700179,2802.422,B0007
161,1.29788708064957,3.61490941179153,-0.00415058557575884,34.1262626278183,2801.625,B0005
161,1.17967068181446,3.69390712823275,-0.00134803307018352,32.5455784721457,2801.625,B0006
161,1.41084017294252,3.4176938303415,9.96232621944014E-05,38.0480793153763,2801.625,B0007
162,1.29807350569189,3.61090375427647,0.000918747328965393,34.1352949546697,2802.031,B0005
162,1.17459528367539,3.69462621447439,-0.00522918387667346,32.4312034593395,2802.031,B0006
162,1.41099496283478,3.40976232597316,-0.00376417858496092,38.1890450609883,2802.031,B0007
163,1.29346361384424,3.61556050188675,-0.00254845156899077,34.0756490349882,2793.39,B0005
163,1.15381833159625,3.69632696523742,-0.000745692050080804,32.1134732285147,2793.39,B0006
163,1.40617142903988,3.41846837609454,-0.00155677396862083,38.0327723451658,2793.39,B0007
164,1.28800339261912,3.6211910328537,-0.00246018258018073,33.9913495339158,2793.39,B0005
164,1.16440095573723,3.6971696861625,-0.00118780290512399,32.2993628790691,2793.39,B0006
164,1.40633584796929,3.41020741733135,-0.00184841866321946,38.2675739119434,2793.39,B0007
165,1.28745252213794,3.6191851049064,0.000477801437114601,34.0591984002984,2792.485,B0005
165,1.15879749479161,3.69667448704592,-0.00245713886088822,32.416754062024,2792.485,B0006
165,1.40045523990665,3.42889930528385,-0.00148426327864896,37.9449759121004,2792.485,B0007
166,1.30901536423074,3.59536497344379,-0.00234150535156977,34.5565143675189,2802.016,B0005
166,1.17497488347692,3.69305943579077,-0.00124476857382908,32.3710969957057,2802.016,B0006
166,1.42178650460552,3.3721484961872,-0.00199175174497717,38.4706765576616,2802.016,B0007
167,1.32507932864294,3.58993738876167,-0.000583347258457563,34.4059204576956,2820.39,B0005
167,1.18567523279294,3.69180898291409,-0.00312712884303584,32.1923241277653,2820.39,B0006
167,1.43245527206254,3.3838566488696,-0.000984538239035038,37.8516024462607,2820.39,B0007
